geometry,median_power_W_cm2,median_power_ratio_vs_baseline,median_cce,median_carrier_survival,median_interface_loss,median_trap_penalty,median_lifetime_years,median_manufacturability_score
straight_fingers,6.572816651053034e-10,1.790415715466575,0.12236571847060035,0.8229151137212958,0.206808365088206,0.07862508308345265,0.0008011935793807031,0.5899999999999999
interdigitated_combs,6.290722014020243e-10,1.7135739749759997,0.11971105652704578,0.847073911105189,0.2146239913900726,0.07888366246583585,0.0008101297986035289,0.4323136133139299
radial_spokes,6.287406666527663e-10,1.7126708841751943,0.11967948960265462,0.8349699206732129,0.21137077633798376,0.07875740809953044,0.0008060311818325855,0.40725650061024155
honeycomb_mesh,5.546250427019688e-10,1.5107821279113798,0.11240451671291696,0.8639727601324289,0.22410475614433503,0.07933712324006728,0.0008286290905548806,0.16142857142857148
fractal_tree,5.372654771164402e-10,1.463495187337701,0.11063138973459691,0.8712202568898564,0.22907860560652069,0.07964918578786759,0.0008399395342472511,0.0
multilayer_3d_mesh,4.3953013847062404e-10,1.1972670304334883,0.10006396674371201,0.8702410519141504,0.24524503364794972,0.08134359483089657,0.0008799544059537047,0.0
random_percolating_nanoribbons,4.246018374883083e-10,1.1566027823600673,0.09835010839672041,0.8116093146078696,0.23986827374568132,0.08051483786259112,0.0008700574049229383,0.021270208413381536
baseline,3.6711120184399104e-10,1.0,0.09144982009942101,0.4823657658240841,0.18,0.0781981981981982,0.0007891008707819566,0.98
