architecture,median_power_W_cm2,power_ratio_vs_baseline,median_cce,median_lifetime_years,median_interface_loss
embedded_graphene_fingers,4.332592321206993e-10,2.3813283008724033,0.05871787664453565,1.0772348448287492,0.15799010467367475
baseline,1.8194015162125026e-10,1.0,0.03612145090358086,1.3277747804110538,0.18245494713175986
diamond_ideal_defect_sink,2.8858668673877244e-11,0.15861627253094257,0.012883177596774594,0.23960481773024012,0.32993667546206773
composite_layer,2.7714673874297602e-11,0.15232851917146903,0.01193231067795995,0.9064979408423783,0.22131199664743195
diamond_high_entropy_alloy,9.25888618055312e-13,0.005088973543249318,0.002363221348720345,0.538117854254087,0.33510477385507065
graded_interface,1.2871553119536329e-17,7.074608328529586e-08,1.3760302808699746e-05,0.43612542700522894,0.31525588891625733
ferrite_transport,1.217906910890429e-17,6.693997449368838e-08,1.3352676822393287e-05,0.43612542700522894,0.3351590962763804
ferrite_graphene,6.727931883127318e-18,3.6978818711402615e-08,9.87933750390115e-06,0.43612542700522894,0.5023403456404527
