architecture,median_power_W_cm2,power_ratio_vs_baseline,median_cce,median_lifetime_years,median_interface_loss
embedded_graphene_fingers,4.4242764352461925e-10,1.6371164123914728,0.10039340015259592,0.9160734213555981,0.13427587960782833
baseline,2.702481266303648e-10,1.0,0.07846301432743097,1.3139082826321244,0.1827253397404141
diamond_ideal_defect_sink,2.3796074958254037e-11,0.08805269163179588,0.02328195294852546,0.23109861094595074,0.3311352954264182
composite_layer,2.1888586662419417e-11,0.08099440664155945,0.022329989504009398,0.703078425727971,0.1542272045097886
diamond_high_entropy_alloy,9.331394666805323e-13,0.003452898927794772,0.004610598177363419,0.5369073779930513,0.3356395887884472
graded_interface,1.2773204875215922e-17,4.726473050703744e-08,1.7057690863832196e-05,0.42313801400669554,0.3155335441238784
ferrite_transport,1.2091159776356633e-17,4.474095686477955e-08,1.659612050732132e-05,0.42313801400669554,0.3359420867961715
ferrite_graphene,6.6292519336503146e-18,2.4530241953231208e-08,1.2288539832860117e-05,0.42313801400669554,0.5037512310941319
